"filename", "language", "Vue", "JavaScript", "YAML", "XML", "SCSS", "CSS", "comment", "blank", "total"
"g:\MyVue\vue-element-admin\src\App.vue", "Vue", 10, 0, 0, 0, 0, 0, 0, 2, 12
"g:\MyVue\vue-element-admin\src\api\OA.js", "JavaScript", 0, 9, 0, 0, 0, 0, 4, 2, 15
"g:\MyVue\vue-element-admin\src\api\RSA.js", "JavaScript", 0, 25, 0, 0, 0, 0, 0, 3, 28
"g:\MyVue\vue-element-admin\src\api\codeDict.js", "JavaScript", 0, 55, 0, 0, 0, 0, 20, 7, 82
"g:\MyVue\vue-element-admin\src\api\department.js", "JavaScript", 0, 54, 0, 0, 0, 0, 20, 6, 80
"g:\MyVue\vue-element-admin\src\api\employee.js", "JavaScript", 0, 79, 0, 0, 0, 0, 36, 8, 123
"g:\MyVue\vue-element-admin\src\api\enum.js", "JavaScript", 0, 37, 0, 0, 0, 0, 17, 4, 58
"g:\MyVue\vue-element-admin\src\api\formularSlv.js", "JavaScript", 0, 37, 0, 0, 0, 0, 0, 5, 42
"g:\MyVue\vue-element-admin\src\api\import.js", "JavaScript", 0, 32, 0, 0, 0, 0, 20, 3, 55
"g:\MyVue\vue-element-admin\src\api\qiniu.js", "JavaScript", 0, 7, 0, 0, 0, 0, 0, 2, 9
"g:\MyVue\vue-element-admin\src\api\remote-search.js", "JavaScript", 0, 15, 0, 0, 0, 0, 0, 3, 18
"g:\MyVue\vue-element-admin\src\api\report.js", "JavaScript", 0, 19, 0, 0, 0, 0, 0, 3, 22
"g:\MyVue\vue-element-admin\src\api\role.js", "JavaScript", 0, 33, 0, 0, 0, 0, 0, 6, 39
"g:\MyVue\vue-element-admin\src\api\salary.js", "JavaScript", 0, 157, 0, 0, 0, 0, 1, 17, 175
"g:\MyVue\vue-element-admin\src\api\salaryType.js", "JavaScript", 0, 109, 0, 0, 0, 0, 13, 12, 134
"g:\MyVue\vue-element-admin\src\api\test.js", "JavaScript", 0, 14, 0, 0, 0, 0, 0, 2, 16
"g:\MyVue\vue-element-admin\src\api\user.js", "JavaScript", 0, 28, 0, 0, 0, 0, 0, 5, 33
"g:\MyVue\vue-element-admin\src\api\welfare.js", "JavaScript", 0, 17, 0, 0, 0, 0, 0, 3, 20
"g:\MyVue\vue-element-admin\src\assets\custom-theme\index.css", "CSS", 0, 0, 0, 0, 0, 1, 0, 0, 1
"g:\MyVue\vue-element-admin\src\components\BackToTop\index.vue", "Vue", 105, 0, 0, 0, 0, 0, 0, 7, 112
"g:\MyVue\vue-element-admin\src\components\Breadcrumb\index.vue", "Vue", 73, 0, 0, 0, 0, 0, 3, 7, 83
"g:\MyVue\vue-element-admin\src\components\Charts\Keyboard.vue", "Vue", 152, 0, 0, 0, 0, 0, 0, 4, 156
"g:\MyVue\vue-element-admin\src\components\Charts\LineMarker.vue", "Vue", 222, 0, 0, 0, 0, 0, 0, 6, 228
"g:\MyVue\vue-element-admin\src\components\Charts\MixChart.vue", "Vue", 265, 0, 0, 0, 0, 0, 0, 7, 272
"g:\MyVue\vue-element-admin\src\components\Charts\mixins\resize.js", "JavaScript", 0, 48, 0, 0, 0, 0, 4, 5, 57
"g:\MyVue\vue-element-admin\src\components\DndList\index.vue", "Vue", 155, 0, 0, 0, 0, 0, 2, 10, 167
"g:\MyVue\vue-element-admin\src\components\DragSelect\index.vue", "Vue", 59, 0, 0, 0, 0, 0, 2, 5, 66
"g:\MyVue\vue-element-admin\src\components\Dropzone\index.vue", "Vue", 265, 0, 0, 0, 0, 0, 11, 22, 298
"g:\MyVue\vue-element-admin\src\components\ErrorLog\index.vue", "Vue", 75, 0, 0, 0, 0, 0, 0, 4, 79
"g:\MyVue\vue-element-admin\src\components\GithubCorner\index.vue", "Vue", 51, 0, 0, 0, 0, 0, 0, 4, 55
"g:\MyVue\vue-element-admin\src\components\Hamburger\index.vue", "Vue", 41, 0, 0, 0, 0, 0, 0, 4, 45
"g:\MyVue\vue-element-admin\src\components\HeaderSearch\index.vue", "Vue", 160, 0, 0, 0, 0, 0, 8, 13, 181
"g:\MyVue\vue-element-admin\src\components\ImageCropper\index.vue", "Vue", 1688, 0, 0, 0, 0, 0, 84, 8, 1780
"g:\MyVue\vue-element-admin\src\components\ImageCropper\utils\data2blob.js", "JavaScript", 0, 11, 0, 0, 0, 0, 8, 1, 20
"g:\MyVue\vue-element-admin\src\components\ImageCropper\utils\effectRipple.js", "JavaScript", 0, 32, 0, 0, 0, 0, 7, 1, 40
"g:\MyVue\vue-element-admin\src\components\ImageCropper\utils\language.js", "JavaScript", 0, 230, 0, 0, 0, 0, 0, 3, 233
"g:\MyVue\vue-element-admin\src\components\ImageCropper\utils\mimes.js", "JavaScript", 0, 7, 0, 0, 0, 0, 0, 1, 8
"g:\MyVue\vue-element-admin\src\components\Pagination\index.vue", "Vue", 98, 0, 0, 0, 0, 0, 0, 4, 102
"g:\MyVue\vue-element-admin\src\components\PanThumb\index.vue", "Vue", 118, 0, 0, 0, 0, 0, 12, 13, 143
"g:\MyVue\vue-element-admin\src\components\RightPanel\index.vue", "Vue", 147, 0, 0, 0, 0, 0, 0, 10, 157
"g:\MyVue\vue-element-admin\src\components\Screenfull\index.vue", "Vue", 57, 0, 0, 0, 0, 0, 0, 4, 61
"g:\MyVue\vue-element-admin\src\components\Share\DropdownMenu.vue", "Vue", 101, 0, 0, 0, 0, 0, 0, 3, 104
"g:\MyVue\vue-element-admin\src\components\SizeSelect\index.vue", "Vue", 52, 0, 0, 0, 0, 0, 1, 5, 58
"g:\MyVue\vue-element-admin\src\components\Sticky\index.vue", "Vue", 90, 0, 0, 0, 0, 0, 0, 2, 92
"g:\MyVue\vue-element-admin\src\components\SvgIcon\index.vue", "Vue", 57, 0, 0, 0, 0, 0, 1, 5, 63
"g:\MyVue\vue-element-admin\src\components\TextHoverEffect\Mallki.vue", "Vue", 100, 0, 0, 0, 0, 0, 1, 13, 114
"g:\MyVue\vue-element-admin\src\components\ThemePicker\index.vue", "Vue", 150, 0, 0, 0, 0, 0, 0, 26, 176
"g:\MyVue\vue-element-admin\src\components\Tinymce\components\EditorImage.vue", "Vue", 107, 0, 0, 0, 0, 0, 1, 4, 112
"g:\MyVue\vue-element-admin\src\components\Tinymce\dynamicLoadScript.js", "JavaScript", 0, 48, 0, 0, 0, 0, 4, 8, 60
"g:\MyVue\vue-element-admin\src\components\Tinymce\index.vue", "Vue", 194, 0, 0, 0, 0, 0, 43, 11, 248
"g:\MyVue\vue-element-admin\src\components\Tinymce\plugins.js", "JavaScript", 0, 2, 0, 0, 0, 0, 3, 3, 8
"g:\MyVue\vue-element-admin\src\components\Tinymce\toolbar.js", "JavaScript", 0, 2, 0, 0, 0, 0, 2, 3, 7
"g:\MyVue\vue-element-admin\src\components\UploadExcelButton\index.vue", "Vue", 171, 0, 0, 0, 0, 0, 9, 4, 184
"g:\MyVue\vue-element-admin\src\components\UploadExcel\index.vue", "Vue", 134, 0, 0, 0, 0, 0, 6, 6, 146
"g:\MyVue\vue-element-admin\src\components\Upload\SingleImage.vue", "Vue", 130, 0, 0, 0, 0, 0, 0, 5, 135
"g:\MyVue\vue-element-admin\src\components\Upload\SingleImage2.vue", "Vue", 127, 0, 0, 0, 0, 0, 0, 4, 131
"g:\MyVue\vue-element-admin\src\components\Upload\SingleImage3.vue", "Vue", 154, 0, 0, 0, 0, 0, 0, 4, 158
"g:\MyVue\vue-element-admin\src\dataModel\CodeDictModel.js", "JavaScript", 0, 10, 0, 0, 0, 0, 0, 1, 11
"g:\MyVue\vue-element-admin\src\dataModel\DepartmentModel.js", "JavaScript", 0, 16, 0, 0, 0, 0, 0, 1, 17
"g:\MyVue\vue-element-admin\src\dataModel\EmployeeModel.js", "JavaScript", 0, 44, 0, 0, 0, 0, 0, 1, 45
"g:\MyVue\vue-element-admin\src\dataModel\SalaryMstModel.js", "JavaScript", 0, 14, 0, 0, 0, 0, 0, 1, 15
"g:\MyVue\vue-element-admin\src\dataModel\SalaryTypeModel.js", "JavaScript", 0, 16, 0, 0, 0, 0, 0, 1, 17
"g:\MyVue\vue-element-admin\src\filters\index.js", "JavaScript", 0, 53, 0, 0, 0, 0, 28, 8, 89
"g:\MyVue\vue-element-admin\src\icons\index.js", "JavaScript", 0, 6, 0, 0, 0, 0, 4, 2, 12
"g:\MyVue\vue-element-admin\src\icons\svg\404.svg", "XML", 0, 0, 0, 1, 0, 0, 0, 0, 1
"g:\MyVue\vue-element-admin\src\icons\svg\biz-permission.svg", "XML", 0, 0, 0, 2, 0, 0, 0, 0, 2
"g:\MyVue\vue-element-admin\src\icons\svg\bug.svg", "XML", 0, 0, 0, 1, 0, 0, 0, 0, 1
"g:\MyVue\vue-element-admin\src\icons\svg\chart.svg", "XML", 0, 0, 0, 1, 0, 0, 0, 0, 1
"g:\MyVue\vue-element-admin\src\icons\svg\clipboard.svg", "XML", 0, 0, 0, 1, 0, 0, 0, 0, 1
"g:\MyVue\vue-element-admin\src\icons\svg\codeDict.svg", "XML", 0, 0, 0, 2, 0, 0, 0, 0, 2
"g:\MyVue\vue-element-admin\src\icons\svg\component.svg", "XML", 0, 0, 0, 1, 0, 0, 0, 0, 1
"g:\MyVue\vue-element-admin\src\icons\svg\dashboard.svg", "XML", 0, 0, 0, 1, 0, 0, 0, 0, 1
"g:\MyVue\vue-element-admin\src\icons\svg\dashboard2.svg", "XML", 0, 0, 0, 2, 0, 0, 0, 0, 2
"g:\MyVue\vue-element-admin\src\icons\svg\dashboard3.svg", "XML", 0, 0, 0, 2, 0, 0, 0, 0, 2
"g:\MyVue\vue-element-admin\src\icons\svg\department.svg", "XML", 0, 0, 0, 2, 0, 0, 0, 0, 2
"g:\MyVue\vue-element-admin\src\icons\svg\documentation.svg", "XML", 0, 0, 0, 1, 0, 0, 0, 0, 1
"g:\MyVue\vue-element-admin\src\icons\svg\drag.svg", "XML", 0, 0, 0, 1, 0, 0, 0, 0, 1
"g:\MyVue\vue-element-admin\src\icons\svg\edit.svg", "XML", 0, 0, 0, 1, 0, 0, 0, 0, 1
"g:\MyVue\vue-element-admin\src\icons\svg\education.svg", "XML", 0, 0, 0, 1, 0, 0, 0, 0, 1
"g:\MyVue\vue-element-admin\src\icons\svg\email.svg", "XML", 0, 0, 0, 1, 0, 0, 0, 0, 1
"g:\MyVue\vue-element-admin\src\icons\svg\example.svg", "XML", 0, 0, 0, 1, 0, 0, 0, 0, 1
"g:\MyVue\vue-element-admin\src\icons\svg\excel.svg", "XML", 0, 0, 0, 1, 0, 0, 0, 0, 1
"g:\MyVue\vue-element-admin\src\icons\svg\exit-fullscreen.svg", "XML", 0, 0, 0, 1, 0, 0, 0, 0, 1
"g:\MyVue\vue-element-admin\src\icons\svg\eye-open.svg", "XML", 0, 0, 0, 1, 0, 0, 0, 0, 1
"g:\MyVue\vue-element-admin\src\icons\svg\eye.svg", "XML", 0, 0, 0, 1, 0, 0, 0, 0, 1
"g:\MyVue\vue-element-admin\src\icons\svg\form.svg", "XML", 0, 0, 0, 1, 0, 0, 0, 0, 1
"g:\MyVue\vue-element-admin\src\icons\svg\formular.svg", "XML", 0, 0, 0, 2, 0, 0, 0, 0, 2
"g:\MyVue\vue-element-admin\src\icons\svg\formularmanage.svg", "XML", 0, 0, 0, 1, 0, 0, 0, 0, 1
"g:\MyVue\vue-element-admin\src\icons\svg\fullscreen.svg", "XML", 0, 0, 0, 1, 0, 0, 0, 0, 1
"g:\MyVue\vue-element-admin\src\icons\svg\guide.svg", "XML", 0, 0, 0, 1, 0, 0, 0, 0, 1
"g:\MyVue\vue-element-admin\src\icons\svg\icon.svg", "XML", 0, 0, 0, 1, 0, 0, 0, 0, 1
"g:\MyVue\vue-element-admin\src\icons\svg\international.svg", "XML", 0, 0, 0, 1, 0, 0, 0, 0, 1
"g:\MyVue\vue-element-admin\src\icons\svg\language.svg", "XML", 0, 0, 0, 1, 0, 0, 0, 0, 1
"g:\MyVue\vue-element-admin\src\icons\svg\link.svg", "XML", 0, 0, 0, 1, 0, 0, 0, 0, 1
"g:\MyVue\vue-element-admin\src\icons\svg\list.svg", "XML", 0, 0, 0, 1, 0, 0, 0, 0, 1
"g:\MyVue\vue-element-admin\src\icons\svg\lock.svg", "XML", 0, 0, 0, 1, 0, 0, 0, 0, 1
"g:\MyVue\vue-element-admin\src\icons\svg\mapping.svg", "XML", 0, 0, 0, 1, 0, 0, 0, 0, 1
"g:\MyVue\vue-element-admin\src\icons\svg\message.svg", "XML", 0, 0, 0, 1, 0, 0, 0, 0, 1
"g:\MyVue\vue-element-admin\src\icons\svg\money.svg", "XML", 0, 0, 0, 1, 0, 0, 0, 0, 1
"g:\MyVue\vue-element-admin\src\icons\svg\nested.svg", "XML", 0, 0, 0, 1, 0, 0, 0, 0, 1
"g:\MyVue\vue-element-admin\src\icons\svg\num1.svg", "XML", 0, 0, 0, 2, 0, 0, 0, 0, 2
"g:\MyVue\vue-element-admin\src\icons\svg\num2.svg", "XML", 0, 0, 0, 2, 0, 0, 0, 0, 2
"g:\MyVue\vue-element-admin\src\icons\svg\num3.svg", "XML", 0, 0, 0, 2, 0, 0, 0, 0, 2
"g:\MyVue\vue-element-admin\src\icons\svg\num4.svg", "XML", 0, 0, 0, 2, 0, 0, 0, 0, 2
"g:\MyVue\vue-element-admin\src\icons\svg\num5.svg", "XML", 0, 0, 0, 2, 0, 0, 0, 0, 2
"g:\MyVue\vue-element-admin\src\icons\svg\password.svg", "XML", 0, 0, 0, 1, 0, 0, 0, 0, 1
"g:\MyVue\vue-element-admin\src\icons\svg\pdf.svg", "XML", 0, 0, 0, 1, 0, 0, 0, 0, 1
"g:\MyVue\vue-element-admin\src\icons\svg\people.svg", "XML", 0, 0, 0, 1, 0, 0, 0, 0, 1
"g:\MyVue\vue-element-admin\src\icons\svg\peoples.svg", "XML", 0, 0, 0, 1, 0, 0, 0, 0, 1
"g:\MyVue\vue-element-admin\src\icons\svg\qq.svg", "XML", 0, 0, 0, 1, 0, 0, 0, 0, 1
"g:\MyVue\vue-element-admin\src\icons\svg\report.svg", "XML", 0, 0, 0, 2, 0, 0, 0, 0, 2
"g:\MyVue\vue-element-admin\src\icons\svg\salary-icon.svg", "XML", 0, 0, 0, 2, 0, 0, 0, 0, 2
"g:\MyVue\vue-element-admin\src\icons\svg\scale.svg", "XML", 0, 0, 0, 2, 0, 0, 0, 0, 2
"g:\MyVue\vue-element-admin\src\icons\svg\scale_white.svg", "XML", 0, 0, 0, 2, 0, 0, 0, 0, 2
"g:\MyVue\vue-element-admin\src\icons\svg\search.svg", "XML", 0, 0, 0, 1, 0, 0, 0, 0, 1
"g:\MyVue\vue-element-admin\src\icons\svg\shopping.svg", "XML", 0, 0, 0, 1, 0, 0, 0, 0, 1
"g:\MyVue\vue-element-admin\src\icons\svg\size.svg", "XML", 0, 0, 0, 1, 0, 0, 0, 0, 1
"g:\MyVue\vue-element-admin\src\icons\svg\skill.svg", "XML", 0, 0, 0, 1, 0, 0, 0, 0, 1
"g:\MyVue\vue-element-admin\src\icons\svg\star.svg", "XML", 0, 0, 0, 1, 0, 0, 0, 0, 1
"g:\MyVue\vue-element-admin\src\icons\svg\tab.svg", "XML", 0, 0, 0, 1, 0, 0, 0, 0, 1
"g:\MyVue\vue-element-admin\src\icons\svg\table.svg", "XML", 0, 0, 0, 1, 0, 0, 0, 0, 1
"g:\MyVue\vue-element-admin\src\icons\svg\theme.svg", "XML", 0, 0, 0, 1, 0, 0, 0, 0, 1
"g:\MyVue\vue-element-admin\src\icons\svg\tree-table.svg", "XML", 0, 0, 0, 1, 0, 0, 0, 0, 1
"g:\MyVue\vue-element-admin\src\icons\svg\tree.svg", "XML", 0, 0, 0, 1, 0, 0, 0, 0, 1
"g:\MyVue\vue-element-admin\src\icons\svg\user.svg", "XML", 0, 0, 0, 1, 0, 0, 0, 0, 1
"g:\MyVue\vue-element-admin\src\icons\svg\users.svg", "XML", 0, 0, 0, 2, 0, 0, 0, 0, 2
"g:\MyVue\vue-element-admin\src\icons\svg\wechat.svg", "XML", 0, 0, 0, 1, 0, 0, 0, 0, 1
"g:\MyVue\vue-element-admin\src\icons\svg\zip.svg", "XML", 0, 0, 0, 1, 0, 0, 0, 0, 1
"g:\MyVue\vue-element-admin\src\icons\svgo.yml", "YAML", 0, 0, 5, 0, 0, 0, 13, 5, 23
"g:\MyVue\vue-element-admin\src\layout\components\AppMain.vue", "Vue", 53, 0, 0, 0, 0, 0, 3, 7, 63
"g:\MyVue\vue-element-admin\src\layout\components\Navbar.vue", "Vue", 151, 0, 0, 0, 0, 0, 0, 19, 170
"g:\MyVue\vue-element-admin\src\layout\components\Settings\index.vue", "Vue", 135, 0, 0, 0, 0, 0, 1, 6, 142
"g:\MyVue\vue-element-admin\src\layout\components\Sidebar\FixiOSBug.js", "JavaScript", 0, 24, 0, 0, 0, 0, 2, 1, 27
"g:\MyVue\vue-element-admin\src\layout\components\Sidebar\Item.vue", "Vue", 38, 0, 0, 0, 0, 0, 5, 4, 47
"g:\MyVue\vue-element-admin\src\layout\components\Sidebar\Link.vue", "Vue", 42, 0, 0, 0, 0, 0, 1, 3, 46
"g:\MyVue\vue-element-admin\src\layout\components\Sidebar\Logo.vue", "Vue", 78, 0, 0, 0, 0, 0, 1, 9, 88
"g:\MyVue\vue-element-admin\src\layout\components\Sidebar\SidebarItem.vue", "Vue", 84, 0, 0, 0, 0, 0, 6, 7, 97
"g:\MyVue\vue-element-admin\src\layout\components\Sidebar\index.vue", "Vue", 51, 0, 0, 0, 0, 0, 1, 3, 55
"g:\MyVue\vue-element-admin\src\layout\components\TagsView\ScrollPane.vue", "Vue", 81, 0, 0, 0, 0, 0, 4, 10, 95
"g:\MyVue\vue-element-admin\src\layout\components\TagsView\index.vue", "Vue", 280, 0, 0, 0, 0, 0, 16, 7, 303
"g:\MyVue\vue-element-admin\src\layout\components\index.js", "JavaScript", 0, 5, 0, 0, 0, 0, 0, 1, 6
"g:\MyVue\vue-element-admin\src\layout\components\notification\index.vue", "Vue", 3, 0, 0, 0, 0, 0, 0, 1, 4
"g:\MyVue\vue-element-admin\src\layout\index.vue", "Vue", 97, 0, 0, 0, 0, 0, 0, 10, 107
"g:\MyVue\vue-element-admin\src\layout\mixin\ResizeHandler.js", "JavaScript", 0, 40, 0, 0, 0, 0, 8, 4, 52
"g:\MyVue\vue-element-admin\src\main.js", "JavaScript", 0, 56, 0, 0, 0, 0, 19, 12, 87
"g:\MyVue\vue-element-admin\src\mixins\confirm.js", "JavaScript", 0, 41, 0, 0, 0, 0, 5, 1, 47
"g:\MyVue\vue-element-admin\src\mixins\resize.js", "JavaScript", 0, 59, 0, 0, 0, 0, 5, 2, 66
"g:\MyVue\vue-element-admin\src\mixins\search.js", "JavaScript", 0, 22, 0, 0, 0, 0, 0, 1, 23
"g:\MyVue\vue-element-admin\src\mixins\tablePage.js", "JavaScript", 0, 63, 0, 0, 0, 0, 17, 2, 82
"g:\MyVue\vue-element-admin\src\permission.js", "JavaScript", 0, 77, 0, 0, 0, 0, 22, 8, 107
"g:\MyVue\vue-element-admin\src\router\index.js", "JavaScript", 0, 250, 0, 0, 0, 0, 156, 13, 419
"g:\MyVue\vue-element-admin\src\settings.js", "JavaScript", 0, 8, 0, 0, 0, 0, 24, 7, 39
"g:\MyVue\vue-element-admin\src\store\getters.js", "JavaScript", 0, 20, 0, 0, 0, 0, 4, 1, 25
"g:\MyVue\vue-element-admin\src\store\index.js", "JavaScript", 0, 16, 0, 0, 0, 0, 5, 6, 27
"g:\MyVue\vue-element-admin\src\store\modules\app.js", "JavaScript", 0, 90, 0, 0, 0, 0, 0, 5, 95
"g:\MyVue\vue-element-admin\src\store\modules\errorLog.js", "JavaScript", 0, 25, 0, 0, 0, 0, 0, 4, 29
"g:\MyVue\vue-element-admin\src\store\modules\formula.js", "JavaScript", 0, 25, 0, 0, 0, 0, 0, 5, 30
"g:\MyVue\vue-element-admin\src\store\modules\permission.js", "JavaScript", 0, 51, 0, 0, 0, 0, 13, 7, 71
"g:\MyVue\vue-element-admin\src\store\modules\salary.js", "JavaScript", 0, 25, 0, 0, 0, 0, 0, 4, 29
"g:\MyVue\vue-element-admin\src\store\modules\settings.js", "JavaScript", 0, 28, 0, 0, 0, 0, 1, 7, 36
"g:\MyVue\vue-element-admin\src\store\modules\tagsView.js", "JavaScript", 0, 156, 0, 0, 0, 0, 3, 12, 171
"g:\MyVue\vue-element-admin\src\store\modules\universal.js", "JavaScript", 0, 87, 0, 0, 0, 0, 1, 4, 92
"g:\MyVue\vue-element-admin\src\store\modules\user.js", "JavaScript", 0, 118, 0, 0, 0, 0, 29, 16, 163
"g:\MyVue\vue-element-admin\src\styles\btn.scss", "SCSS", 0, 0, 0, 0, 83, 0, 0, 17, 100
"g:\MyVue\vue-element-admin\src\styles\element-ui.scss", "SCSS", 0, 0, 0, 0, 68, 0, 7, 16, 91
"g:\MyVue\vue-element-admin\src\styles\element-variables.scss", "SCSS", 0, 0, 0, 0, 13, 0, 10, 9, 32
"g:\MyVue\vue-element-admin\src\styles\index.scss", "SCSS", 0, 0, 0, 0, 176, 0, 6, 37, 219
"g:\MyVue\vue-element-admin\src\styles\mixin.scss", "SCSS", 0, 0, 0, 0, 56, 0, 0, 11, 67
"g:\MyVue\vue-element-admin\src\styles\sidebar.scss", "SCSS", 0, 0, 0, 0, 180, 0, 6, 41, 227
"g:\MyVue\vue-element-admin\src\styles\transition.scss", "SCSS", 0, 0, 0, 0, 35, 0, 4, 10, 49
"g:\MyVue\vue-element-admin\src\styles\variables.scss", "SCSS", 0, 0, 0, 0, 26, 0, 4, 6, 36
"g:\MyVue\vue-element-admin\src\utils\auth.js", "JavaScript", 0, 11, 0, 0, 0, 0, 5, 5, 21
"g:\MyVue\vue-element-admin\src\utils\clipboard.js", "JavaScript", 0, 29, 0, 0, 0, 0, 0, 4, 33
"g:\MyVue\vue-element-admin\src\utils\error-log.js", "JavaScript", 0, 34, 0, 0, 0, 0, 5, 4, 43
"g:\MyVue\vue-element-admin\src\utils\excel.js", "JavaScript", 0, 85, 0, 0, 0, 0, 12, 4, 101
"g:\MyVue\vue-element-admin\src\utils\file.js", "JavaScript", 0, 8, 0, 0, 0, 0, 0, 1, 9
"g:\MyVue\vue-element-admin\src\utils\get-page-title.js", "JavaScript", 0, 8, 0, 0, 0, 0, 1, 2, 11
"g:\MyVue\vue-element-admin\src\utils\hash.js", "JavaScript", 0, 12, 0, 0, 0, 0, 0, 1, 13
"g:\MyVue\vue-element-admin\src\utils\index.js", "JavaScript", 0, 235, 0, 0, 0, 0, 100, 23, 358
"g:\MyVue\vue-element-admin\src\utils\open-window.js", "JavaScript", 0, 12, 0, 0, 0, 0, 9, 5, 26
"g:\MyVue\vue-element-admin\src\utils\permission.js", "JavaScript", 0, 14, 0, 0, 0, 0, 5, 3, 22
"g:\MyVue\vue-element-admin\src\utils\request.js", "JavaScript", 0, 57, 0, 0, 0, 0, 69, 5, 131
"g:\MyVue\vue-element-admin\src\utils\scroll-to.js", "JavaScript", 0, 39, 0, 0, 0, 0, 15, 5, 59
"g:\MyVue\vue-element-admin\src\utils\stringAdvanced.js", "JavaScript", 0, 201, 0, 0, 0, 0, 33, 20, 254
"g:\MyVue\vue-element-admin\src\utils\time.js", "JavaScript", 0, 6, 0, 0, 0, 0, 4, 1, 11
"g:\MyVue\vue-element-admin\src\utils\validate.js", "JavaScript", 0, 39, 0, 0, 0, 0, 40, 10, 89
"g:\MyVue\vue-element-admin\src\vendor\Export2Excel.js", "JavaScript", 0, 182, 0, 0, 0, 0, 52, 23, 257
"g:\MyVue\vue-element-admin\src\vendor\Export2Zip.js", "JavaScript", 0, 22, 0, 0, 0, 0, 1, 2, 25
"g:\MyVue\vue-element-admin\src\views\charts\keyboard.vue", "Vue", 19, 0, 0, 0, 0, 0, 0, 5, 24
"g:\MyVue\vue-element-admin\src\views\charts\line.vue", "Vue", 19, 0, 0, 0, 0, 0, 0, 5, 24
"g:\MyVue\vue-element-admin\src\views\charts\mix-chart.vue", "Vue", 19, 0, 0, 0, 0, 0, 0, 5, 24
"g:\MyVue\vue-element-admin\src\views\codeDict\components\dialog.vue", "Vue", 195, 0, 0, 0, 0, 0, 8, 5, 208
"g:\MyVue\vue-element-admin\src\views\codeDict\components\index.js", "JavaScript", 0, 2, 0, 0, 0, 0, 0, 1, 3
"g:\MyVue\vue-element-admin\src\views\codeDict\components\search.vue", "Vue", 96, 0, 0, 0, 0, 0, 2, 5, 103
"g:\MyVue\vue-element-admin\src\views\codeDict\index.vue", "Vue", 194, 0, 0, 0, 0, 0, 26, 5, 225
"g:\MyVue\vue-element-admin\src\views\dashboard\admin\components\BarChart.vue", "Vue", 98, 0, 0, 0, 0, 0, 0, 5, 103
"g:\MyVue\vue-element-admin\src\views\dashboard\admin\components\BoxCard.vue", "Vue", 114, 0, 0, 0, 0, 0, 0, 5, 119
"g:\MyVue\vue-element-admin\src\views\dashboard\admin\components\LineChart.vue", "Vue", 133, 0, 0, 0, 0, 0, 0, 3, 136
"g:\MyVue\vue-element-admin\src\views\dashboard\admin\components\PanelGroup.vue", "Vue", 213, 0, 0, 0, 0, 0, 0, 22, 235
"g:\MyVue\vue-element-admin\src\views\dashboard\admin\components\PieChart.vue", "Vue", 76, 0, 0, 0, 0, 0, 0, 4, 80
"g:\MyVue\vue-element-admin\src\views\dashboard\admin\components\RaddarChart.vue", "Vue", 112, 0, 0, 0, 0, 0, 0, 5, 117
"g:\MyVue\vue-element-admin\src\views\dashboard\admin\components\TodoList\Todo.vue", "Vue", 80, 0, 0, 0, 0, 0, 0, 2, 82
"g:\MyVue\vue-element-admin\src\views\dashboard\admin\components\TodoList\index.scss", "SCSS", 0, 0, 0, 0, 309, 0, 11, 1, 321
"g:\MyVue\vue-element-admin\src\views\dashboard\admin\components\TodoList\index.vue", "Vue", 123, 0, 0, 0, 0, 0, 1, 4, 128
"g:\MyVue\vue-element-admin\src\views\dashboard\admin\components\TransactionTable.vue", "Vue", 53, 0, 0, 0, 0, 0, 0, 3, 56
"g:\MyVue\vue-element-admin\src\views\dashboard\admin\components\mixins\resize.js", "JavaScript", 0, 50, 0, 0, 0, 0, 4, 2, 56
"g:\MyVue\vue-element-admin\src\views\dashboard\admin\index.vue", "Vue", 110, 0, 0, 0, 0, 0, 4, 7, 121
"g:\MyVue\vue-element-admin\src\views\dashboard\editor\index.vue", "Vue", 70, 0, 0, 0, 0, 0, 0, 5, 75
"g:\MyVue\vue-element-admin\src\views\dashboard\index.vue", "Vue", 29, 0, 0, 0, 0, 0, 0, 3, 32
"g:\MyVue\vue-element-admin\src\views\department\components\dialog.vue", "Vue", 105, 0, 0, 0, 0, 0, 1, 3, 109
"g:\MyVue\vue-element-admin\src\views\department\components\index.js", "JavaScript", 0, 2, 0, 0, 0, 0, 0, 1, 3
"g:\MyVue\vue-element-admin\src\views\department\components\search.vue", "Vue", 88, 0, 0, 0, 0, 0, 1, 5, 94
"g:\MyVue\vue-element-admin\src\views\department\index.vue", "Vue", 160, 0, 0, 0, 0, 0, 4, 5, 169
"g:\MyVue\vue-element-admin\src\views\error-page\401.vue", "Vue", 80, 0, 0, 0, 0, 0, 0, 4, 84
"g:\MyVue\vue-element-admin\src\views\error-page\404.vue", "Vue", 225, 0, 0, 0, 0, 0, 0, 4, 229
"g:\MyVue\vue-element-admin\src\views\excel\components\AutoWidthOption.vue", "Vue", 33, 0, 0, 0, 0, 0, 0, 2, 35
"g:\MyVue\vue-element-admin\src\views\excel\components\BookTypeOption.vue", "Vue", 38, 0, 0, 0, 0, 0, 0, 2, 40
"g:\MyVue\vue-element-admin\src\views\excel\components\FilenameOption.vue", "Vue", 26, 0, 0, 0, 0, 0, 0, 2, 28
"g:\MyVue\vue-element-admin\src\views\excel\export-excel.vue", "Vue", 54, 0, 0, 0, 0, 0, 2, 4, 60
"g:\MyVue\vue-element-admin\src\views\excel\merge-header.vue", "Vue", 96, 0, 0, 0, 0, 0, 0, 6, 102
"g:\MyVue\vue-element-admin\src\views\excel\select-excel.vue", "Vue", 105, 0, 0, 0, 0, 0, 0, 3, 108
"g:\MyVue\vue-element-admin\src\views\excel\upload-excel.vue", "Vue", 38, 0, 0, 0, 0, 0, 3, 5, 46
"g:\MyVue\vue-element-admin\src\views\formula\components\index.js", "JavaScript", 0, 2, 0, 0, 0, 0, 0, 1, 3
"g:\MyVue\vue-element-admin\src\views\formula\components\search.vue", "Vue", 107, 0, 0, 0, 0, 0, 1, 5, 113
"g:\MyVue\vue-element-admin\src\views\formula\components\tagshow.vue", "Vue", 62, 0, 0, 0, 0, 0, 0, 3, 65
"g:\MyVue\vue-element-admin\src\views\formula\detail.vue", "Vue", 596, 0, 0, 0, 0, 0, 18, 3, 617
"g:\MyVue\vue-element-admin\src\views\formula\index.vue", "Vue", 310, 0, 0, 0, 0, 0, 13, 5, 328
"g:\MyVue\vue-element-admin\src\views\formula\mapping.vue", "Vue", 221, 0, 0, 0, 0, 0, 3, 6, 230
"g:\MyVue\vue-element-admin\src\views\login\auth-redirect.vue", "Vue", 15, 0, 0, 0, 0, 0, 0, 1, 16
"g:\MyVue\vue-element-admin\src\views\login\components\SocialSignin.vue", "Vue", 58, 0, 0, 0, 0, 0, 11, 4, 73
"g:\MyVue\vue-element-admin\src\views\login\index.vue", "Vue", 274, 0, 0, 0, 0, 0, 23, 28, 325
"g:\MyVue\vue-element-admin\src\views\permission\components\SwitchRoles.vue", "Vue", 31, 0, 0, 0, 0, 0, 0, 2, 33
"g:\MyVue\vue-element-admin\src\views\permission\directive.vue", "Vue", 101, 0, 0, 0, 0, 0, 0, 11, 112
"g:\MyVue\vue-element-admin\src\views\permission\page.vue", "Vue", 17, 0, 0, 0, 0, 0, 0, 3, 20
"g:\MyVue\vue-element-admin\src\views\permission\role.vue", "Vue", 239, 0, 0, 0, 0, 0, 18, 23, 280
"g:\MyVue\vue-element-admin\src\views\redirect\index.vue", "Vue", 12, 0, 0, 0, 0, 0, 0, 1, 13
"g:\MyVue\vue-element-admin\src\views\report\content.vue", "Vue", 58, 0, 0, 0, 0, 0, 0, 3, 61
"g:\MyVue\vue-element-admin\src\views\report\index.vue", "Vue", 80, 0, 0, 0, 0, 0, 5, 4, 89
"g:\MyVue\vue-element-admin\src\views\salary\components\detailDialog.vue", "Vue", 193, 0, 0, 0, 0, 0, 4, 4, 201
"g:\MyVue\vue-element-admin\src\views\salary\components\formItem.vue", "Vue", 99, 0, 0, 0, 0, 0, 1, 6, 106
"g:\MyVue\vue-element-admin\src\views\salary\components\index.js", "JavaScript", 0, 2, 0, 0, 0, 0, 0, 1, 3
"g:\MyVue\vue-element-admin\src\views\salary\components\input.vue", "Vue", 149, 0, 0, 0, 0, 0, 8, 4, 161
"g:\MyVue\vue-element-admin\src\views\salary\components\salaryItem.vue", "Vue", 3, 0, 0, 0, 0, 0, 0, 1, 4
"g:\MyVue\vue-element-admin\src\views\salary\components\search.vue", "Vue", 164, 0, 0, 0, 0, 0, 3, 5, 172
"g:\MyVue\vue-element-admin\src\views\salary\dict\searchTypeDict.js", "JavaScript", 0, 9, 0, 0, 0, 0, 0, 2, 11
"g:\MyVue\vue-element-admin\src\views\salary\index.vue", "Vue", 322, 0, 0, 0, 0, 0, 8, 4, 334
"g:\MyVue\vue-element-admin\src\views\salary\salaryAdd.vue", "Vue", 689, 0, 0, 0, 0, 0, 102, 6, 797
"g:\MyVue\vue-element-admin\src\views\salary\salaryDetail.vue", "Vue", 580, 0, 0, 0, 0, 0, 41, 7, 628
"g:\MyVue\vue-element-admin\src\views\salary\welfare.vue", "Vue", 198, 0, 0, 0, 0, 0, 0, 4, 202
"g:\MyVue\vue-element-admin\src\views\userManage\components\index.js", "JavaScript", 0, 2, 0, 0, 0, 0, 0, 1, 3
"g:\MyVue\vue-element-admin\src\views\userManage\components\search.vue", "Vue", 184, 0, 0, 0, 0, 0, 1, 6, 191
"g:\MyVue\vue-element-admin\src\views\userManage\components\userDialog.vue", "Vue", 236, 0, 0, 0, 0, 0, 0, 6, 242
"g:\MyVue\vue-element-admin\src\views\userManage\index.vue", "Vue", 450, 0, 0, 0, 0, 0, 40, 6, 496
"Total", "-", 14650, 3615, 5, 80, 946, 1, 1495, 1150, 21942